Rk,Team,Tournament_Seed_From_Pasted_Table,Conf,W-L,Wins,Losses,NetRtg,ORtg,ORtg_Rk,DRtg,DRtg_Rk,AdjT,AdjT_Rk,Luck,Luck_Rk,SOS_NetRtg,SOS_NetRtg_Rk,SOS_ORtg,SOS_ORtg_Rk,SOS_DRtg,SOS_DRtg_Rk,NCSOS_NetRtg,NCSOS_NetRtg_Rk
1,Duke,1.0,ACC,32-2,32,2,38.9,128.0,4,89.0,2,65.4,287,0.049,62,14.3,15,117.0,23,102.7,11,10.1,18
2,Arizona,1.0,B12,32-2,32,2,37.66,127.7,5,90.0,3,69.8,54,0.023,127,14.99,9,117.6,15,102.7,8,3.27,101
3,Michigan,1.0,B10,31-3,31,3,37.59,126.6,8,89.0,1,71.0,22,0.045,67,16.66,4,119.2,4,102.5,5,12.51,11
4,Florida,1.0,SEC,26-7,26,7,33.79,125.5,9,91.7,6,70.6,28,-0.036,289,16.02,5,119.4,3,103.4,26,7.93,30
5,Houston,2.0,B12,28-6,28,6,33.44,124.9,14,91.4,5,63.3,352,-0.006,204,13.6,24,116.9,25,103.3,23,0.9,155
6,Iowa St.,2.0,B12,27-7,27,7,32.43,123.8,21,91.4,4,66.6,225,-0.012,219,12.46,31,115.6,48,103.1,20,-3.56,280
7,Illinois,3.0,B10,24-8,24,8,32.1,131.2,2,99.1,28,65.6,276,-0.05,305,13.65,23,117.1,22,103.4,27,3.77,91
8,Purdue,2.0,B10,27-8,27,8,31.2,131.6,1,100.4,36,64.4,325,-0.006,199,15.89,7,118.4,9,102.5,4,6.31,49
9,Michigan St.,3.0,B10,25-7,25,7,28.3,123.0,24,94.7,13,66.1,253,0.005,178,13.69,21,118.1,11,104.4,54,3.64,94
10,Gonzaga,3.0,WCC,30-3,30,3,28.11,122.0,29,93.9,9,68.6,111,0.072,28,5.91,87,113.0,81,107.1,99,8.33,27
11,Connecticut,2.0,BE,29-5,29,5,27.85,122.0,30,94.1,11,64.5,323,0.055,55,12.01,36,115.3,53,103.3,24,7.62,39
12,Vanderbilt,5.0,SEC,26-8,26,8,27.51,126.8,7,99.3,30,68.9,98,0.018,133,14.57,13,118.0,13,103.4,28,1.19,148
13,Virginia,3.0,ACC,29-5,29,5,26.71,122.5,27,95.8,16,65.8,270,0.056,52,9.95,70,115.4,49,105.5,73,-3.26,273
14,Nebraska,4.0,B10,26-6,26,6,26.16,118.5,55,92.4,7,66.8,218,0.034,97,11.61,42,116.4,32,104.8,62,-5.99,319
15,Arkansas,4.0,SEC,26-8,26,8,26.06,127.7,6,101.6,48,71.0,20,0.051,60,14.97,10,118.9,7,103.9,38,4.42,81
16,Tennessee,6.0,SEC,22-11,22,11,26.03,121.1,35,95.0,15,65.0,307,-0.06,321,14.78,11,119.1,5,104.3,50,0.76,161
17,St. John's,5.0,BE,28-6,28,6,25.89,120.1,45,94.2,12,69.6,68,0.061,44,11.52,44,115.1,59,103.6,31,6.61,44
18,Alabama,4.0,SEC,23-9,23,9,25.71,129.0,3,103.3,67,73.1,4,0.019,130,16.75,2,119.4,2,102.7,9,13.39,9
19,Louisville,6.0,ACC,23-10,23,10,25.42,124.1,19,98.6,25,69.7,62,-0.02,239,12.56,30,115.9,40,103.3,25,2.41,115
20,Texas Tech,5.0,B12,22-10,22,10,25.24,125.1,12,99.8,33,66.2,245,0.006,175,15.66,8,118.3,10,102.6,7,7.8,33
21,Kansas,4.0,B12,23-10,23,10,24.44,118.3,57,93.9,10,67.7,164,0.053,56,16.96,1,118.0,12,101.0,1,10.99,15
22,Wisconsin,5.0,B10,24-10,24,10,23.39,125.3,11,102.0,51,68.8,104,0.041,80,13.94,18,117.2,20,103.3,22,-1.08,219
23,BYU,6.0,B12,23-11,23,11,23.25,125.5,10,102.2,57,70.0,46,-0.017,232,14.29,16,116.3,33,102.0,3,4.89,74
24,Saint Mary's,7.0,WCC,27-5,27,5,23.07,120.3,43,97.2,19,65.2,298,0.011,155,5.0,93,111.5,96,106.5,92,3.89,90
25,Iowa,9.0,B10,21-12,21,12,22.44,121.7,31,99.3,31,63.0,357,-0.061,328,11.38,47,115.6,47,104.2,49,-7.18,336
26,Ohio St.,8.0,B10,21-12,21,12,22.24,124.3,17,102.1,54,66.1,252,-0.031,272,13.68,22,116.6,28,103.0,15,-1.82,236
27,UCLA,7.0,B10,23-11,23,11,21.67,123.7,22,102.1,53,64.7,318,0.017,136,12.23,33,116.1,35,103.9,37,-2.15,248
28,Kentucky,7.0,SEC,21-13,21,13,21.48,120.5,38,99.0,27,68.4,124,-0.019,235,15.94,6,119.0,6,103.1,18,1.34,140
29,North Carolina,6.0,ACC,24-8,24,8,20.84,121.4,32,100.6,37,68.0,143,0.057,49,11.46,45,115.4,50,103.9,40,1.32,141
30,Utah St.,9.0,MWC,28-6,28,6,20.77,122.2,28,101.4,45,67.7,158,0.065,39,7.15,80,112.8,83,105.6,76,1.98,126
31,Miami FL,7.0,ACC,25-8,25,8,20.68,121.4,33,100.7,38,67.6,168,0.021,129,8.01,77,113.7,76,105.7,77,-7.29,337
32,Georgia,8.0,SEC,22-10,22,10,20.48,124.7,16,104.2,80,71.4,16,-0.005,197,10.79,61,116.0,39,105.2,70,-6.43,327
33,Villanova,8.0,BE,24-8,24,8,19.94,120.4,40,100.4,35,65.2,295,0.067,35,10.36,67,114.7,65,104.4,55,2.86,109
34,N.C. State,11.0,ACC,20-13,20,13,19.62,124.1,20,104.4,86,69.1,87,-0.029,261,11.99,37,116.0,37,104.0,43,4.2,83
35,Santa Clara,10.0,WCC,26-8,26,8,19.4,123.6,23,104.2,82,69.2,82,0.015,142,6.03,85,111.8,94,105.8,81,3.91,89
36,Clemson,8.0,ACC,24-10,24,10,19.23,116.5,71,97.3,20,64.3,333,0.011,156,10.54,64,115.2,54,104.7,60,0.65,169
37,Texas,11.0,SEC,18-14,18,14,19.03,125.0,13,105.9,111,66.9,205,-0.083,345,13.72,20,117.4,18,103.7,33,-6.35,321
38,Auburn,,SEC,17-16,17,16,19.02,124.8,15,105.8,108,67.2,191,-0.053,314,16.67,3,119.4,1,102.8,12,8.41,25
39,Texas A&M,10.0,SEC,21-11,21,11,18.67,119.7,49,101.0,41,70.5,29,-0.002,193,11.16,52,117.0,24,105.8,82,-5.86,317
40,Oklahoma,,SEC,19-15,19,15,18.37,124.2,18,105.8,110,66.3,243,-0.07,335,13.31,25,117.3,19,104.0,41,-5.5,311
41,Saint Louis,9.0,A10,28-5,28,5,18.22,119.4,51,101.2,43,71.0,21,0.03,109,0.94,133,108.8,174,107.9,123,-5.81,316
42,SMU,11.0,ACC,20-13,20,13,18.09,122.9,26,104.8,91,68.6,115,-0.043,297,11.16,51,115.7,43,104.6,58,1.26,142
43,TCU,9.0,B12,22-11,22,11,17.59,115.4,81,97.8,22,67.7,159,0.004,179,11.06,53,115.2,55,104.1,46,-6.94,333
44,Cincinnati,,B12,18-15,18,15,17.49,111.2,132,93.7,8,67.5,175,-0.073,338,11.03,55,114.8,64,103.8,36,-3.24,271
45,Indiana,,B10,18-14,18,14,17.18,120.3,41,103.2,65,66.1,251,-0.041,295,11.81,40,116.1,36,104.3,51,-4.96,301
46,VCU,11.0,A10,27-7,27,7,17.09,119.8,46,102.7,63,68.5,116,-0.007,208,3.37,102,110.3,111,107.0,96,-1.28,222
47,San Diego St.,,MWC,22-11,22,11,16.4,113.3,103,96.9,18,68.8,103,0.015,145,8.6,75,114.3,67,105.7,78,5.37,63
48,South Florida,11.0,Amer,25-8,25,8,16.38,117.3,61,101.0,40,71.5,15,-0.026,252,3.05,104,111.2,98,108.2,131,4.95,73
49,Baylor,,B12,16-16,16,16,16.01,123.0,25,106.9,127,67.8,151,-0.086,346,13.94,19,115.8,42,101.8,2,1.16,149
50,New Mexico,,MWC,23-10,23,10,15.83,117.1,64,101.3,44,69.8,56,-0.035,284,5.71,88,111.8,93,106.1,87,0.57,170
51,Seton Hall,,BE,21-12,21,12,15.7,110.5,147,94.8,14,65.1,303,-0.033,278,8.98,73,113.9,75,104.9,65,-4.21,290
52,Missouri,10.0,SEC,20-12,20,12,15.4,119.5,50,104.1,78,66.2,246,0.041,81,11.53,43,116.6,29,105.0,68,-7.73,343
53,Washington,,B10,16-17,16,17,15.12,117.2,62,102.1,55,67.1,194,-0.101,360,11.98,38,116.8,26,104.8,64,-0.73,204
54,UCF,10.0,B12,21-11,21,11,15.04,120.5,39,105.4,101,69.3,78,0.097,17,11.93,39,115.0,61,103.1,17,-2.54,258
55,Virginia Tech,,ACC,19-13,19,13,13.66,117.2,63,103.6,70,67.1,197,-0.01,211,9.96,69,115.1,58,105.1,69,-0.96,214
56,Florida St.,,ACC,18-15,18,15,13.48,118.4,56,104.9,93,70.5,31,-0.006,202,11.21,50,114.9,62,103.7,34,-3.26,272
57,Northwestern,,B10,15-19,15,19,13.41,117.5,60,104.1,77,65.1,304,-0.079,343,13.24,27,117.2,21,104.0,42,-1.64,230
58,Stanford,,ACC,20-12,20,12,13.37,117.1,66,103.7,71,66.8,216,0.03,108,8.78,74,113.5,77,104.8,63,-0.43,195
59,West Virginia,,B12,18-14,18,14,13.27,110.0,154,96.7,17,62.3,364,-0.033,276,9.32,72,114.2,68,104.9,66,-8.27,349
60,LSU,,SEC,15-17,15,17,13.24,119.8,47,106.6,121,66.6,224,-0.092,353,10.96,58,115.7,44,104.8,61,-4.62,297
61,Grand Canyon,,MWC,20-12,20,12,13.2,111.0,134,97.8,23,68.0,141,-0.068,332,3.81,100,111.7,95,107.8,121,-5.76,314
62,Boise St.,,MWC,20-12,20,12,13.19,117.1,65,103.9,75,65.7,273,0.028,114,8.47,76,114.1,69,105.6,75,7.73,34
63,Tulsa,,Amer,26-7,26,7,12.98,121.2,34,108.2,149,67.9,145,0.021,128,0.61,141,109.1,160,108.5,142,-2.37,255
64,Akron,12.0,MAC,29-5,29,5,12.77,118.8,54,106.1,114,70.3,32,0.018,132,-3.67,238,108.4,195,112.1,285,-3.15,268
65,Mississippi,,SEC,15-20,15,20,12.63,114.1,92,101.4,46,66.4,236,-0.07,333,14.24,17,118.6,8,104.4,56,-2.5,257
66,Oklahoma St.,,B12,19-14,19,14,12.6,120.1,44,107.5,139,72.1,9,0.052,59,12.21,34,115.2,56,102.9,14,-0.9,210
67,Arizona St.,,B12,17-16,17,16,12.53,115.8,78,103.2,66,69.3,77,0.062,43,14.51,14,117.7,14,103.2,21,5.82,55
68,McNeese,12.0,Slnd,28-5,28,5,12.48,114.3,91,101.8,49,66.2,248,0.084,21,-1.84,201,107.5,250,109.4,170,9.12,22
69,Belmont,,MVC,26-6,26,6,12.28,120.7,37,108.4,152,68.9,93,0.035,95,-0.11,157,108.2,216,108.3,135,-4.61,296
70,Colorado,,B12,17-15,17,15,12.12,118.9,53,106.8,125,68.7,106,0.024,126,10.85,59,115.3,51,104.5,57,0.09,186
71,Northern Iowa,12.0,MVC,23-12,23,12,11.82,110.0,153,98.2,24,62.3,363,-0.07,334,1.29,127,109.5,142,108.2,132,-0.86,207
72,Providence,,BE,15-18,15,18,11.79,121.1,36,109.3,176,71.3,17,-0.09,350,10.98,56,114.0,70,103.1,16,-0.6,199
73,California,,ACC,21-11,21,11,11.43,114.1,93,102.6,59,68.0,137,0.044,69,7.12,81,113.4,78,106.3,88,-6.41,326
74,Wake Forest,,ACC,17-16,17,16,11.39,117.0,68,105.6,104,68.1,134,-0.022,243,11.28,48,115.8,41,104.6,59,0.67,166
75,Nevada,,MWC,22-12,22,12,11.32,115.7,79,104.4,85,66.1,250,0.012,154,6.02,86,112.1,89,106.0,86,2.85,110
76,Creighton,,BE,15-17,15,17,11.0,116.2,74,105.2,97,67.6,170,-0.029,262,11.72,41,114.6,66,102.9,13,3.36,99
77,Minnesota,,B10,15-17,15,17,10.91,114.6,87,103.7,72,62.5,362,-0.061,327,10.49,66,116.0,38,105.5,72,-8.63,351
78,Georgetown,,BE,16-18,16,18,10.87,114.6,89,103.7,73,66.2,247,-0.049,304,10.53,65,114.0,73,103.4,29,-4.19,289
79,Dayton,,A10,23-11,23,11,10.82,110.5,146,99.7,32,66.9,206,0.043,73,4.76,96,112.0,90,107.2,102,1.25,145
80,USC,,B10,18-14,18,14,10.81,113.5,102,102.7,62,70.6,27,0.068,33,12.24,32,116.4,30,104.2,48,-0.83,206
81,Yale,,Ivy,24-7,24,7,10.18,120.3,42,110.1,194,64.5,322,0.024,123,-1.08,181,108.8,173,109.9,189,1.25,144
82,Syracuse,,ACC,15-17,15,17,9.73,114.6,86,104.9,92,67.4,179,-0.046,301,10.34,68,113.9,74,103.6,32,-2.19,250
83,Wichita St.,,Amer,23-11,23,11,9.71,112.1,116,102.4,58,66.5,228,-0.028,257,1.41,122,110.3,113,108.9,154,-2.21,252
84,Marquette,,BE,12-20,12,20,9.64,111.8,119,102.2,56,68.9,97,-0.111,363,10.97,57,115.3,52,104.3,53,1.84,131
85,Hofstra,13.0,CAA,24-10,24,10,9.52,114.6,88,105.1,95,64.7,317,-0.052,308,-0.87,173,108.0,225,108.9,155,3.08,104
86,George Washington,,A10,18-15,18,15,9.51,117.5,59,108.0,144,69.2,83,-0.141,365,1.47,118,109.3,153,107.8,118,-2.8,261
87,Colorado St.,,MWC,21-12,21,12,9.5,119.0,52,109.5,185,63.0,360,0.04,85,4.91,94,112.1,88,107.2,101,-2.19,251
88,Butler,,BE,16-16,16,16,9.48,116.1,75,106.6,123,68.7,107,-0.031,270,9.94,71,114.0,72,104.1,44,-3.01,265
89,Notre Dame,,ACC,13-18,13,18,8.88,115.5,80,106.6,124,66.0,261,-0.059,320,10.74,62,114.8,63,104.1,45,1.43,137
90,Utah Valley,,WAC,25-8,25,8,8.84,112.8,107,104.0,76,68.7,108,0.033,102,-0.32,162,107.0,267,107.4,107,2.55,113
91,Stephen F. Austin,,Slnd,28-5,28,5,8.44,112.6,110,104.2,81,65.8,269,0.029,110,-3.62,234,106.0,287,109.6,175,-3.76,284
92,High Point,12.0,BSth,30-4,30,4,8.4,117.0,67,108.6,161,69.9,49,0.048,63,-9.23,341,103.7,330,112.9,319,-8.89,356
93,Miami OH,11.0,MAC,31-1,31,1,8.24,116.8,70,108.5,157,70.0,44,0.099,15,-5.37,269,107.2,262,112.6,304,-9.9,361
94,Pittsburgh,,ACC,13-20,13,20,7.59,113.7,98,106.1,115,63.6,344,-0.067,330,10.85,60,115.0,60,104.2,47,0.42,174
95,South Carolina,,SEC,13-19,13,19,7.54,112.5,111,105.0,94,66.4,233,-0.062,329,11.05,54,116.7,27,105.7,79,-8.77,353
96,Wyoming,,MWC,18-15,18,15,7.49,114.6,85,107.1,134,66.4,232,-0.037,290,4.41,98,111.9,92,107.5,111,-5.3,306
97,Xavier,,BE,15-18,15,18,7.46,116.9,69,109.4,182,70.3,33,0.016,141,11.41,46,114.0,71,102.6,6,1.1,151
98,Oregon,,B10,12-20,12,20,7.03,111.6,127,104.6,87,65.9,262,-0.036,287,12.64,29,116.4,31,103.8,35,1.56,135
99,Mississippi St.,,SEC,13-19,13,19,7.0,112.7,109,105.7,105,69.6,63,-0.001,191,13.25,26,117.6,16,104.3,52,0.5,171
100,Kansas St.,,B12,12-20,12,20,6.98,113.3,104,106.3,116,72.7,6,-0.074,340,13.01,28,116.1,34,103.1,19,-0.19,192
101,DePaul,,BE,16-16,16,16,6.82,107.2,209,100.3,34,66.2,244,-0.014,225,7.97,78,113.4,79,105.4,71,-9.93,362
102,George Mason,,A10,23-10,23,10,6.75,112.8,108,106.0,113,63.5,346,0.042,77,0.27,147,109.8,126,109.6,173,-7.91,346
103,Illinois St.,,MVC,20-12,20,12,6.67,110.5,145,103.9,74,66.7,221,-0.009,210,1.35,123,109.9,123,108.6,146,-2.82,262
104,UC Irvine,,BW,23-11,23,11,6.24,105.0,255,98.7,26,68.2,132,-0.016,228,-0.66,167,108.4,196,109.1,166,0.66,167
105,UNC Wilmington,,CAA,27-6,27,6,6.21,111.6,128,105.4,100,65.2,297,0.038,90,-4.44,256,106.9,272,111.4,243,-8.28,350
106,Illinois Chicago,,MVC,19-15,19,15,6.16,110.4,149,104.3,83,66.4,234,-0.061,325,1.61,116,110.1,117,108.5,144,-2.36,254
107,Cal Baptist,13.0,WAC,25-8,25,8,6.01,107.9,191,101.9,50,65.8,265,0.091,19,-1.93,203,107.1,265,109.0,160,-3.29,275
108,Hawaii,13.0,BW,24-8,24,8,5.99,107.1,210,101.2,42,69.7,61,0.038,91,-3.34,228,106.6,278,109.9,190,-11.19,364
109,UNLV,,MWC,17-16,17,16,5.98,115.1,83,109.1,172,69.8,57,0.003,181,6.46,83,112.4,84,106.0,84,1.19,147
110,St. Thomas,,Sum,24-9,24,9,5.89,114.0,95,108.1,146,68.3,126,-0.034,280,-5.63,275,107.3,260,112.9,320,-0.93,212
111,Sam Houston St.,,CUSA,22-11,22,11,5.76,113.6,101,107.8,142,70.1,42,-0.007,209,0.01,152,109.8,130,109.7,181,6.08,53
112,Pacific,,WCC,18-15,18,15,5.43,110.7,142,105.3,99,64.3,331,-0.02,238,2.93,106,110.5,106,107.6,113,0.01,187
113,North Dakota St.,14.0,Sum,27-7,27,7,5.17,111.8,122,106.6,122,66.3,238,0.04,87,-5.78,281,106.5,281,112.3,291,-0.91,211
114,Davidson,,A10,20-13,20,13,4.84,109.5,161,104.7,89,63.6,343,0.033,103,1.96,112,109.6,140,107.6,116,-0.09,188
115,Liberty,,CUSA,26-7,26,7,4.72,118.1,58,113.4,261,64.1,339,0.146,2,-1.17,184,107.9,235,109.1,163,0.7,163
116,UT Rio Grande Valley,,Slnd,19-14,19,14,4.58,111.0,137,106.4,117,66.4,231,-0.056,318,-1.21,185,107.9,238,109.1,164,8.36,26
117,Southern Illinois,,MVC,16-16,16,16,4.57,103.8,274,99.2,29,68.9,95,-0.094,355,1.83,114,109.9,125,108.1,130,-0.14,191
118,UC San Diego,,BW,23-11,23,11,4.55,107.9,193,103.3,68,67.2,190,0.01,160,-0.99,176,107.9,240,108.9,153,0.33,176
119,Seattle,,WCC,20-13,20,13,4.51,102.2,298,97.7,21,67.6,166,0.017,137,1.64,115,110.6,103,109.0,159,-3.47,279
120,Saint Joseph's,,A10,22-11,22,11,4.42,107.2,206,102.8,64,68.1,135,0.088,20,1.29,128,109.1,156,107.8,122,-5.02,302
121,Maryland,,B10,12-21,12,21,4.25,111.1,133,106.9,126,66.2,249,0.016,139,14.69,12,117.4,17,102.7,10,1.57,134
122,San Francisco,,WCC,17-16,17,16,4.21,113.6,100,109.4,180,66.0,260,-0.006,201,4.1,99,110.8,101,106.8,95,0.3,178
123,Murray St.,,MVC,20-12,20,12,4.13,116.3,73,112.2,240,71.6,14,0.043,76,1.18,129,109.7,134,108.5,143,-3.81,285
124,Bradley,,MVC,21-12,21,12,3.99,111.7,124,107.7,141,67.3,182,0.039,88,0.73,138,109.0,167,108.2,134,-5.35,307
125,Rutgers,,B10,14-19,14,19,3.94,110.5,148,106.5,120,66.9,210,0.043,75,11.23,49,115.1,57,103.9,39,-7.35,340
126,Utah,,B12,10-22,10,22,3.66,114.7,84,111.0,213,66.0,258,-0.012,215,12.15,35,115.7,46,103.5,30,0.24,181
127,UAB,,Amer,20-12,20,12,3.47,109.9,156,106.4,118,69.1,86,0.006,176,-0.76,168,108.7,178,109.5,171,-5.4,308
128,Duquesne,,A10,18-15,18,15,3.34,110.7,143,107.3,137,68.6,113,-0.012,218,2.48,108,110.4,109,107.9,124,-6.4,325
129,Florida Atlantic,,Amer,18-15,18,15,3.3,109.7,158,106.4,119,69.6,65,-0.034,281,1.91,113,110.0,121,108.1,129,2.88,107
130,UC Santa Barbara,,BW,18-14,18,14,3.18,113.8,97,110.6,207,64.4,328,-0.067,331,-1.02,177,107.3,259,108.4,138,-0.46,197
131,Toledo,,MAC,19-15,19,15,3.14,114.5,90,111.3,218,67.8,153,-0.055,316,-0.8,169,109.7,131,110.5,211,2.13,121
132,Fresno St.,,MWC,13-19,13,19,3.1,107.4,202,104.3,84,68.2,133,-0.078,342,4.8,95,112.2,85,107.4,109,-3.06,266
133,Montana St.,,BSky,18-14,18,14,3.01,111.0,136,108.0,143,65.9,264,-0.083,344,0.06,151,110.5,105,110.4,208,6.38,47
134,Memphis,,Amer,13-19,13,19,2.52,107.2,207,104.7,88,70.2,38,-0.053,313,5.45,89,112.2,86,106.7,94,10.87,16
135,North Texas,,Amer,19-14,19,14,2.45,103.4,280,100.9,39,65.1,306,0.01,158,1.0,130,110.1,118,109.1,167,0.13,185
136,Rhode Island,,A10,16-16,16,16,2.34,105.8,233,103.4,69,65.7,272,-0.048,302,0.63,140,109.3,150,108.7,148,-5.59,313
137,Washington St.,,WCC,12-20,12,20,2.33,113.9,96,111.6,226,67.8,147,-0.094,354,5.08,92,111.0,100,105.9,83,5.02,72
138,Penn St.,,B10,12-20,12,20,2.17,114.0,94,111.9,230,67.5,176,-0.012,216,10.73,63,115.7,45,105.0,67,-7.29,338
139,Wright St.,14.0,Horz,23-11,23,11,2.04,112.1,118,110.0,193,67.2,192,0.009,166,-4.03,248,109.4,147,113.4,340,0.86,157
140,St. Bonaventure,,A10,17-17,17,17,2.02,113.6,99,111.6,224,67.3,183,-0.044,298,1.31,125,109.1,157,107.8,119,-4.42,293
141,Northern Colorado,,BSky,20-12,20,12,1.89,112.3,114,110.4,202,68.7,105,-0.024,249,-2.06,209,109.1,161,111.1,235,-0.2,193
142,Navy,,PL,26-7,26,7,1.8,107.4,203,105.6,103,65.1,302,0.053,58,-12.15,361,103.1,346,115.3,363,-9.56,359
143,Troy,13.0,SB,22-11,22,11,1.73,110.7,141,109.0,166,64.9,309,0.024,125,-3.21,226,107.6,249,110.8,220,4.16,84
144,Robert Morris,,Horz,22-11,22,11,1.68,110.8,139,109.1,171,64.5,324,0.029,111,-4.53,258,108.9,172,113.4,337,-1.41,225
145,Idaho,15.0,BSky,21-14,21,14,1.56,108.9,176,107.3,136,67.8,157,-0.012,217,-1.63,195,109.4,146,111.1,232,0.79,160
146,William & Mary,,CAA,20-12,20,12,1.55,111.0,135,109.5,184,72.6,7,0.024,122,-2.03,208,108.3,210,110.3,206,0.33,177
147,Portland St.,,BSky,20-11,20,11,1.54,103.5,278,102.0,52,68.0,140,0.008,169,-1.96,205,109.8,129,111.8,267,1.43,138
148,Kent St.,,MAC,24-9,24,9,1.5,111.8,120,110.3,200,70.3,35,0.136,3,-2.61,218,109.3,151,111.9,274,-3.32,276
149,Bowling Green,,MAC,18-14,18,14,1.5,107.2,205,105.8,107,68.4,125,-0.095,356,-3.33,227,108.2,213,111.5,254,-6.39,324
150,Arkansas St.,,SB,20-12,20,12,1.41,110.6,144,109.2,173,72.0,10,0.008,171,-3.79,244,107.2,263,111.0,228,2.82,111
151,Penn,14.0,Ivy,18-11,18,11,1.31,107.3,204,106.0,112,69.1,89,0.068,34,-0.82,171,109.1,158,109.9,191,0.42,173
152,Central Arkansas,,ASun,22-12,22,12,1.26,110.2,151,108.9,163,68.0,142,0.041,82,-5.4,271,109.1,162,114.5,357,5.71,58
153,UT Arlington,,WAC,18-14,18,14,1.16,102.6,291,101.5,47,64.9,311,0.03,107,0.57,143,108.8,176,108.2,133,3.4,98
154,Harvard,,Ivy,17-12,17,12,1.14,106.6,218,105.4,102,63.0,359,-0.015,227,-3.48,231,107.8,241,111.3,238,-5.13,303
155,Winthrop,,BSth,23-11,23,11,1.11,111.6,126,110.5,204,70.0,43,0.025,121,-4.76,262,106.8,273,111.6,260,1.09,152
156,Towson,,CAA,19-15,19,15,1.06,105.8,236,104.7,90,63.5,347,0.012,153,-0.92,174,109.0,164,109.9,192,2.79,112
157,Boston College,,ACC,11-20,11,20,1.06,103.7,275,102.7,61,66.0,259,-0.035,282,6.6,82,113.1,80,106.5,91,-7.48,342
158,Valparaiso,,MVC,18-15,18,15,1.0,108.2,185,107.2,135,65.1,301,0.041,83,0.86,136,109.2,155,108.3,136,-5.93,318
159,UC Davis,,BW,19-14,19,14,0.91,108.0,189,107.1,132,69.0,90,0.04,86,-0.19,159,108.2,215,108.4,139,1.69,133
160,Kennesaw St.,14.0,CUSA,21-13,21,13,0.77,110.7,140,110.0,192,71.2,19,0.009,167,-2.03,207,108.1,220,110.1,198,-5.15,304
161,Richmond,,A10,15-17,15,17,0.72,111.3,131,110.5,205,67.7,165,-0.092,351,-0.22,160,109.1,163,109.3,169,-9.06,357
162,Loyola Marymount,,WCC,15-17,15,17,0.69,106.5,222,105.8,109,67.0,201,-0.045,299,0.6,142,109.7,132,109.1,162,-5.78,315
163,Georgia Tech,,ACC,11-20,11,20,0.58,107.7,197,107.1,133,70.7,25,-0.039,292,6.3,84,111.9,91,105.6,74,-9.74,360
164,Temple,,Amer,16-16,16,16,0.47,111.7,125,111.2,215,64.9,308,-0.073,337,-1.54,192,107.5,251,109.1,161,-3.21,270
165,East Tennessee St.,,SC,23-11,23,11,0.44,109.7,159,109.2,174,66.1,254,-0.021,242,-8.01,318,106.7,277,114.7,358,-4.22,291
166,Cal St. Fullerton,,BW,18-16,18,16,0.39,109.4,165,109.0,167,72.9,5,0.047,66,1.44,120,109.5,144,108.0,126,6.46,46
167,Fordham,,A10,17-15,17,15,0.36,104.6,261,104.2,79,64.4,327,-0.056,317,-2.28,211,107.8,242,110.1,196,-16.17,365
168,Cornell,,Ivy,15-13,15,13,0.35,119.8,48,119.4,343,71.3,18,-0.032,273,-1.53,191,108.2,214,109.7,179,-0.76,205
169,Oakland,,Horz,16-16,16,16,0.21,115.2,82,115.0,295,69.8,53,0.016,140,-0.1,156,110.4,108,110.5,210,17.32,1
170,Western Kentucky,,CUSA,18-14,18,14,0.2,108.6,181,108.4,154,69.9,51,0.008,170,-0.64,165,109.7,133,110.3,207,1.42,139
171,Eastern Washington,,BSky,14-19,14,19,0.01,113.1,105,113.1,256,67.7,161,-0.061,323,0.87,134,110.0,119,109.2,168,7.57,40
172,Charleston,,CAA,21-11,21,11,-0.12,108.1,186,108.2,148,67.6,167,0.105,11,-2.0,206,108.9,169,110.9,227,-1.53,227
173,Texas A&M Corpus Chris,,Slnd,18-15,18,15,-0.28,104.8,256,105.1,96,66.0,256,0.003,183,-0.09,153,108.7,181,108.8,152,16.59,2
174,Austin Peay,,ASun,22-9,22,9,-0.28,108.0,187,108.3,151,69.4,73,0.033,101,-6.58,294,108.3,201,114.9,361,2.13,122
175,CSUN,,BW,20-14,20,14,-0.35,109.0,175,109.3,177,73.6,2,0.078,25,0.07,150,108.0,226,107.9,125,1.12,150
176,Middle Tennessee,,CUSA,17-15,17,15,-0.5,109.2,167,109.7,189,65.8,268,0.012,152,0.98,132,109.6,135,108.7,147,11.14,13
177,Northern Kentucky,,Horz,20-14,20,14,-0.6,109.5,162,110.1,195,70.2,37,-0.022,244,-4.38,255,109.9,124,114.3,355,-4.17,288
178,Oregon St.,,WCC,17-16,17,16,-0.65,109.2,168,109.8,190,65.1,300,0.097,18,3.12,103,110.2,114,107.1,100,-1.66,233
179,Monmouth,,CAA,19-15,19,15,-0.86,106.1,226,107.0,128,67.1,196,0.013,148,-2.52,216,107.3,261,109.8,182,-3.72,282
180,Merrimack,,MAAC,23-11,23,11,-0.87,106.5,220,107.4,138,63.5,348,0.115,8,-5.81,282,105.0,302,110.9,223,3.21,102
181,Campbell,,CAA,16-18,16,18,-1.4,111.3,130,112.7,250,69.8,59,0.009,163,0.86,135,109.2,154,108.3,137,7.63,38
182,New Mexico St.,,CUSA,16-16,16,16,-1.41,108.8,179,110.2,198,67.0,203,-0.061,326,-1.16,183,108.4,198,109.5,172,0.66,168
183,Queens,15.0,ASun,21-13,21,13,-1.44,115.8,77,117.2,322,69.6,64,0.067,37,-5.65,276,108.3,200,114.0,353,5.7,59
184,Charlotte,,Amer,17-17,17,17,-1.49,113.0,106,114.5,284,63.4,349,0.024,124,0.53,145,109.3,152,108.7,149,-0.9,209
185,Montana,,BSky,18-16,18,16,-1.71,106.8,217,108.5,156,69.6,66,0.047,65,-0.09,154,110.1,116,110.2,204,5.29,65
186,Tennessee St.,15.0,OVC,23-9,23,9,-1.81,109.1,173,110.9,211,70.2,36,0.07,31,-8.23,325,103.2,344,111.5,250,5.45,61
187,Utah Tech,,WAC,19-15,19,15,-1.86,110.9,138,112.8,252,66.3,239,0.099,16,0.74,137,107.4,257,106.6,93,3.72,92
188,UMBC,16.0,AE,24-9,24,9,-1.96,108.8,177,110.8,210,66.3,240,0.028,113,-14.48,365,100.6,364,115.1,362,-7.0,334
189,Mercer,,SC,19-13,19,13,-1.97,111.8,121,113.7,269,68.9,92,-0.021,241,-5.38,270,108.2,212,113.6,345,3.99,86
190,Furman,15.0,SC,22-12,22,12,-1.98,107.4,201,109.4,181,65.9,263,0.01,159,-6.29,290,108.1,218,114.4,356,-0.71,203
191,FIU,,CUSA,15-17,15,17,-2.04,107.5,200,109.5,186,71.6,12,-0.051,307,-1.13,182,108.7,180,109.9,187,-0.1,189
192,Columbia,,Ivy,16-12,16,12,-2.07,108.5,183,110.6,206,66.7,219,0.012,151,-3.56,232,108.0,223,111.6,258,-5.45,310
193,Siena,16.0,MAAC,23-11,23,11,-2.15,107.1,211,109.3,175,64.7,319,0.005,177,-9.52,347,102.9,351,112.4,296,-7.79,344
194,New Orleans,,Slnd,15-18,15,18,-2.19,109.7,157,111.9,232,69.7,60,0.038,92,0.56,144,108.3,207,107.7,117,14.06,5
195,Appalachian St.,,SB,19-13,19,13,-2.33,105.8,232,108.2,147,63.0,358,0.015,144,-5.52,272,107.0,270,112.5,302,-3.28,274
196,Massachusetts,,MAC,17-16,17,16,-2.62,108.7,180,111.3,216,69.9,48,-0.045,300,-3.67,239,107.8,243,111.4,247,-6.64,329
197,Drake,,MVC,14-20,14,20,-2.62,109.9,155,112.6,248,67.2,186,-0.06,322,2.07,111,109.4,149,107.3,104,-4.14,287
198,Weber St.,,BSky,16-16,16,16,-2.62,111.6,129,114.2,279,68.5,119,-0.031,271,-1.92,202,108.3,204,110.2,203,-1.02,216
199,Louisiana Tech,,CUSA,20-14,20,14,-2.71,103.0,286,105.7,106,64.3,332,0.05,61,-2.8,222,108.1,219,110.9,225,-7.07,335
200,Lipscomb,,ASun,19-13,19,13,-2.83,106.9,214,109.7,188,69.4,74,0.044,72,-5.2,268,108.7,179,113.9,348,4.71,76
201,Buffalo,,MAC,17-15,17,15,-2.83,112.4,113,115.3,298,66.5,230,-0.028,259,-3.63,235,107.5,253,111.1,234,-6.75,330
202,Indiana St.,,MVC,11-21,11,21,-2.85,106.2,224,109.1,170,68.0,138,-0.11,362,1.3,126,108.7,186,107.4,108,-5.41,309
203,Portland,,WCC,15-19,15,19,-2.87,106.1,227,108.9,164,68.5,121,0.064,42,3.67,101,111.2,97,107.6,112,0.71,162
204,Howard,16.0,MEAC,24-10,24,10,-2.92,104.1,268,107.0,129,69.1,85,0.003,184,-14.04,364,100.8,363,114.8,360,-1.68,234
205,Missouri St.,,CUSA,16-18,16,18,-2.96,109.0,174,112.0,237,65.5,284,-0.043,296,-1.47,189,108.1,217,109.6,174,-1.11,221
206,Marist,,MAAC,19-12,19,12,-3.12,99.5,328,102.6,60,66.3,237,-0.027,254,-8.96,337,103.9,323,112.9,317,-7.35,339
207,South Alabama,,SB,21-11,21,11,-3.12,107.1,212,110.2,197,64.6,321,0.058,47,-6.02,286,106.0,288,112.0,279,-5.27,305
208,Marshall,,SB,19-13,19,13,-3.17,112.1,117,115.2,297,69.3,75,0.034,98,-4.21,253,107.4,258,111.6,257,-1.09,220
209,Jacksonville St.,,CUSA,15-17,15,17,-3.19,105.2,250,108.4,153,65.4,288,-0.057,319,-2.74,220,107.9,237,110.6,214,-6.32,320
210,Green Bay,,Horz,18-15,18,15,-3.52,112.5,112,116.1,308,62.9,361,0.064,40,-2.11,210,110.0,122,112.1,284,6.22,52
211,Cal Poly,,BW,14-19,14,19,-3.62,109.4,164,113.0,254,74.0,1,-0.003,195,1.32,124,108.6,187,107.3,105,5.24,67
212,Tulane,,Amer,18-15,18,15,-3.62,107.7,195,111.4,219,66.9,208,0.121,5,0.26,148,108.3,206,108.0,127,-3.73,283
213,James Madison,,SB,18-15,18,15,-3.91,109.1,171,113.1,255,66.0,257,0.017,134,-4.89,263,106.5,280,111.4,244,-2.73,260
214,Samford,,SC,18-14,18,14,-3.93,109.6,160,113.6,265,67.3,184,0.009,164,-5.96,284,107.9,230,113.9,347,0.24,182
215,Youngstown St.,,Horz,15-17,15,17,-3.94,105.5,243,109.5,183,67.2,187,-0.092,352,-3.77,243,109.5,141,113.3,335,-1.54,228
216,LIU,16.0,NEC,24-10,24,10,-3.97,105.6,238,109.6,187,67.8,154,0.104,12,-9.98,350,103.6,334,113.6,344,2.16,120
217,Southern Miss,,SB,19-16,19,16,-4.15,105.2,248,109.4,179,69.3,76,0.043,74,-3.65,236,107.1,264,110.8,221,1.25,146
218,Detroit Mercy,,Horz,17-15,17,15,-4.16,107.9,190,112.1,238,68.8,100,0.067,36,-2.36,213,109.6,138,112.0,278,7.7,36
219,South Dakota St.,,Sum,14-18,14,18,-4.29,108.0,188,112.3,245,66.8,214,-0.117,364,-3.08,225,107.7,245,110.8,222,2.5,114
220,Quinnipiac,,MAAC,19-13,19,13,-4.3,104.2,267,108.5,155,69.9,50,0.027,117,-7.5,308,104.0,319,111.5,249,1.25,143
221,Tarleton St.,,WAC,14-18,14,18,-4.37,104.3,265,108.6,160,69.2,79,-0.041,294,0.71,139,107.8,244,107.1,98,3.98,87
222,Drexel,,CAA,17-16,17,16,-4.69,102.4,296,107.1,130,64.2,334,0.003,182,-4.38,254,106.3,283,110.7,217,-8.0,347
223,Tennessee Martin,,OVC,22-11,22,11,-4.79,100.4,320,105.2,98,64.2,337,0.048,64,-8.73,333,102.9,350,111.6,262,0.38,175
224,San Diego,,WCC,12-21,12,21,-4.98,108.2,184,113.2,258,68.0,139,0.003,180,2.27,109,109.6,139,107.3,106,-2.12,247
225,San Jose St.,,MWC,9-24,9,24,-4.99,112.2,115,117.2,319,65.1,299,-0.012,214,7.17,79,113.0,82,105.8,80,1.96,127
226,Rice,,Amer,13-18,13,18,-5.23,108.6,182,113.8,271,65.5,279,0.009,162,-0.3,161,108.7,184,109.0,158,-2.06,244
227,Stony Brook,,CAA,17-15,17,15,-5.51,105.2,253,110.7,209,66.3,242,0.064,41,-2.91,223,106.8,274,109.7,180,-4.38,292
228,Western Carolina,,SC,15-16,15,16,-5.59,109.2,169,114.7,288,67.8,155,-0.015,226,-4.01,247,108.7,185,112.7,308,9.69,20
229,Ohio,,MAC,15-17,15,17,-5.61,107.9,192,113.5,264,68.8,99,0.025,119,-1.37,188,108.8,175,110.2,202,0.83,159
230,Elon,,CAA,14-18,14,18,-5.67,110.1,152,115.8,304,66.8,213,-0.03,268,-2.34,212,108.3,203,110.7,215,-3.16,269
231,Long Beach St.,,BW,10-22,10,22,-5.75,105.6,240,111.3,217,68.5,117,-0.03,267,1.0,131,108.6,192,107.6,114,4.44,79
232,Southeast Missouri,,OVC,20-13,20,13,-5.83,102.2,299,108.0,145,68.9,96,0.031,105,-8.01,319,104.0,320,112.0,276,4.44,80
233,Denver,,Sum,15-17,15,17,-5.97,116.0,76,122.0,359,67.9,144,0.007,173,-1.66,197,109.0,166,110.6,213,7.81,32
234,La Salle,,A10,9-23,9,23,-5.98,105.6,239,111.6,223,65.8,266,-0.029,260,5.08,91,111.1,99,106.0,85,3.92,88
235,Georgia Southern,,SB,21-16,21,16,-6.04,110.2,150,116.2,310,70.1,41,0.057,50,-5.78,280,105.8,291,111.6,259,-6.62,328
236,Nicholls,,Slnd,14-19,14,19,-6.22,105.8,235,112.0,236,68.2,129,0.044,70,-0.1,155,108.3,202,108.4,141,9.74,19
237,Lamar,,Slnd,12-19,12,19,-6.29,103.1,284,109.4,178,65.6,275,-0.089,348,-2.72,219,107.0,269,109.7,178,-0.65,201
238,American,,PL,16-16,16,16,-6.36,105.6,241,111.9,234,66.7,220,-0.024,250,-7.92,317,105.2,299,113.1,329,0.69,164
239,Eastern Michigan,,MAC,10-21,10,21,-6.41,101.9,304,108.3,150,66.5,227,-0.096,357,-0.53,164,109.6,137,110.1,200,1.85,130
240,Charleston Southern,,BSth,15-17,15,17,-6.48,105.7,237,112.2,241,71.6,13,-0.09,349,-6.42,292,105.9,290,112.3,292,-5.58,312
241,Abilene Christian,,WAC,14-19,14,19,-6.54,101.1,312,107.6,140,67.8,149,0.029,112,0.22,149,108.3,209,108.0,128,0.88,156
242,Vermont,,AE,22-12,22,12,-6.54,106.0,229,112.6,247,64.9,310,0.008,172,-11.04,357,102.9,348,114.0,350,-2.44,256
243,Bethune Cookman,,SWAC,17-15,17,15,-6.59,103.6,277,110.2,196,69.1,88,0.069,32,-7.14,304,104.8,307,111.9,272,13.73,6
244,Florida Gulf Coast,,ASun,16-18,16,18,-6.59,105.6,242,112.1,239,67.6,171,-0.029,263,-5.83,283,108.0,224,113.9,346,0.26,180
245,Texas St.,,SB,19-13,19,13,-6.64,104.0,272,110.6,208,66.0,255,0.084,22,-6.83,298,105.4,298,112.2,288,-9.1,358
246,UNC Asheville,,BSth,15-17,15,17,-6.75,104.7,258,111.5,221,64.8,314,-0.016,229,-3.73,242,107.9,231,111.6,263,1.09,153
247,Coastal Carolina,,SB,19-13,19,13,-6.85,101.8,305,108.6,159,66.9,211,0.132,4,-4.95,265,106.8,275,111.8,266,-2.15,249
248,Old Dominion,,SB,12-21,12,21,-7.01,106.0,228,113.0,253,69.0,91,-0.073,339,-3.06,224,108.2,211,111.3,239,4.57,78
249,Idaho St.,,BSky,13-20,13,20,-7.06,109.5,163,116.6,314,65.5,281,-0.035,283,-0.64,166,109.0,165,109.6,176,3.4,97
250,Colgate,,PL,18-15,18,15,-7.08,107.7,196,114.8,290,66.9,209,0.044,71,-6.99,299,106.1,285,113.1,327,5.15,68
251,Southern Utah,,WAC,10-22,10,22,-7.12,106.6,219,113.7,268,70.3,34,-0.053,312,2.14,110,108.6,190,106.5,90,5.74,57
252,Princeton,,Ivy,9-20,9,20,-7.26,105.4,245,112.7,251,63.5,345,-0.077,341,-1.05,180,108.9,171,109.9,193,-0.63,200
253,Wofford,,SC,19-13,19,13,-7.37,109.1,170,116.5,313,67.8,152,0.073,26,-7.64,313,107.9,234,115.5,365,-4.43,294
254,East Carolina,,Amer,11-20,11,20,-7.43,103.7,276,111.1,214,68.6,110,-0.006,198,-0.52,163,109.5,143,110.0,194,-2.98,264
255,Saint Peter's,,MAAC,17-12,17,12,-7.55,103.0,287,110.5,203,65.5,280,0.066,38,-8.06,321,103.9,322,112.0,277,-1.07,218
256,SIUE,,OVC,19-13,19,13,-7.58,99.5,330,107.1,131,64.4,329,-0.007,206,-10.78,354,102.3,357,113.1,328,-7.8,345
257,Radford,,BSth,16-16,16,16,-7.66,106.3,223,114.0,273,70.6,26,-0.036,286,-7.14,305,105.8,293,112.9,321,-6.38,322
258,UC Riverside,,BW,10-22,10,22,-7.68,104.0,271,111.6,227,68.5,120,-0.048,303,1.57,117,109.4,148,107.8,120,6.48,45
259,Iona,,MAAC,18-14,18,14,-7.76,103.9,273,111.7,228,68.8,102,0.041,79,-8.72,332,103.8,326,112.6,303,-3.15,267
260,Purdue Fort Wayne,,Horz,17-15,17,15,-7.84,105.3,247,113.2,259,67.7,162,0.118,6,-1.78,200,110.4,107,112.2,289,7.69,37
261,Nebraska Omaha,,Sum,16-17,16,17,-7.98,106.1,225,114.1,277,67.0,198,0.033,99,-2.77,221,108.6,189,111.4,242,3.15,103
262,Boston University,,PL,17-17,17,17,-8.06,111.7,123,119.8,347,63.1,355,-0.022,246,-8.58,328,104.2,314,112.8,310,-4.95,300
263,Pepperdine,,WCC,9-23,9,23,-8.14,105.2,251,113.4,262,68.6,112,-0.018,233,2.95,105,110.2,115,107.2,103,-2.23,253
264,Fairfield,,MAAC,21-13,21,13,-8.14,105.8,234,113.9,272,67.0,202,0.078,24,-9.67,349,102.8,353,112.4,300,-8.73,352
265,Sacramento St.,,BSky,10-21,10,21,-8.28,105.9,231,114.2,278,71.6,11,-0.022,245,1.46,119,110.5,104,109.1,165,8.92,24
266,Incarnate Word,,Slnd,12-19,12,19,-8.48,108.8,178,117.3,324,65.5,283,-0.028,258,-1.49,190,107.4,255,108.9,156,6.68,43
267,Lindenwood,,OVC,18-15,18,15,-8.49,100.5,319,109.0,165,72.4,8,0.017,135,-8.84,336,103.1,347,111.9,271,2.0,125
268,Milwaukee,,Horz,12-20,12,20,-8.85,106.5,221,115.4,299,67.4,180,0.013,149,-1.64,196,110.4,110,112.0,281,6.37,48
269,Central Michigan,,MAC,10-21,10,21,-9.05,105.9,230,115.0,293,67.1,193,-0.098,358,-1.6,194,108.3,205,109.9,188,1.44,136
270,Presbyterian,,BSth,15-18,15,18,-9.07,103.2,283,112.2,243,64.2,338,-0.02,240,-4.92,264,107.0,268,112.0,275,-2.02,241
271,Hampton,,CAA,13-19,13,19,-9.13,102.5,294,111.6,225,65.3,290,-0.013,223,-3.72,241,106.3,284,110.0,195,-7.47,341
272,Longwood,,BSth,16-16,16,16,-9.13,103.4,279,112.6,249,68.5,122,-0.036,285,-8.39,327,104.5,310,112.8,316,-10.63,363
273,Western Michigan,,MAC,10-21,10,21,-9.24,107.8,194,117.0,317,67.7,160,-0.036,288,-1.3,187,108.4,197,109.7,177,-2.06,245
274,UTEP,,CUSA,11-20,11,20,-9.39,100.9,313,110.3,201,65.5,282,0.01,157,-0.18,158,108.7,182,108.9,157,3.46,95
275,Dartmouth,,Ivy,11-16,11,16,-9.48,104.7,257,114.2,280,69.5,69,0.0,188,-2.38,214,108.4,199,110.7,219,-4.56,295
276,North Dakota,,Sum,18-17,18,17,-9.49,106.8,216,116.3,311,67.2,189,0.111,10,-3.61,233,107.9,232,111.5,253,-0.43,196
277,Mount St. Mary's,,MAAC,15-17,15,17,-9.63,99.4,332,109.0,168,67.5,173,0.028,116,-7.26,306,104.2,312,111.5,252,0.85,158
278,Bellarmine,,ASun,13-19,13,19,-9.65,116.5,72,126.1,365,64.7,320,-0.013,222,-4.75,261,108.5,194,113.2,331,2.39,117
279,Southern,,SWAC,17-17,17,17,-9.73,104.7,259,114.4,283,69.9,47,0.06,45,-6.34,291,105.1,301,111.4,246,15.22,3
280,Northwestern St.,,Slnd,10-22,10,22,-10.2,102.3,297,112.5,246,64.8,315,-0.013,220,-0.93,175,107.6,248,108.5,145,7.72,35
281,South Dakota,,Sum,16-16,16,16,-10.24,104.3,264,114.6,287,69.9,52,0.056,53,-5.68,278,106.9,271,112.6,305,-3.67,281
282,Loyola Chicago,,A10,9-24,9,24,-10.26,103.3,281,113.6,266,65.6,277,0.057,48,2.72,107,110.3,112,107.6,115,-4.63,298
283,Morehead St.,,OVC,20-13,20,13,-10.34,106.9,215,117.2,321,65.4,289,0.16,1,-7.0,300,104.0,318,111.0,229,6.24,51
284,Lehigh,16.0,PL,18-16,18,16,-10.41,102.7,290,113.1,257,66.9,204,0.081,23,-8.65,331,104.9,306,113.5,342,-0.56,198
285,Southeastern Louisiana,,Slnd,9-22,9,22,-10.56,99.7,325,110.3,199,65.5,285,-0.006,200,-0.87,172,107.9,236,108.8,150,5.41,62
286,Northeastern,,CAA,7-24,7,24,-10.58,107.5,199,118.1,330,69.6,67,-0.061,324,-1.75,199,108.1,221,109.8,184,-0.93,213
287,Prairie View A&M,16.0,SWAC,18-17,18,17,-10.68,101.2,309,111.9,231,71.0,23,0.013,147,-9.56,348,103.4,339,113.0,322,8.99,23
288,Mercyhurst,,NEC,17-17,17,17,-10.7,101.2,310,111.9,233,64.8,313,-0.013,224,-10.84,355,102.6,355,113.4,338,0.15,184
289,East Texas A&M,,Slnd,11-21,11,21,-10.82,100.7,317,111.5,222,68.2,131,0.001,186,-0.81,170,108.0,228,108.8,151,6.69,42
290,North Carolina A&T,,CAA,11-19,11,19,-10.9,105.2,249,116.1,309,68.5,118,-0.023,247,-3.66,237,107.4,254,111.1,233,-8.87,355
291,Brown,,Ivy,9-18,9,18,-10.97,97.9,342,108.9,162,66.5,229,-0.05,306,-4.07,252,107.7,246,111.8,268,-8.83,354
292,Delaware,,CUSA,10-21,10,21,-11.1,104.5,262,115.6,302,63.2,354,0.006,174,-2.59,217,107.5,252,110.1,197,-6.92,332
293,Houston Christian,,Slnd,12-20,12,20,-11.13,102.9,288,114.0,274,64.4,326,0.034,96,-2.44,215,107.4,256,109.8,183,-0.97,215
294,Ball St.,,MAC,12-19,12,19,-11.32,98.6,339,109.9,191,63.7,342,-0.005,196,-4.05,250,107.9,229,112.0,280,-6.39,323
295,Jacksonville,,ASun,12-20,12,20,-11.48,103.0,285,114.5,286,63.4,350,-0.03,266,-4.06,251,108.9,170,113.0,323,5.15,69
296,Sacred Heart,,MAAC,14-19,14,19,-11.6,107.2,208,118.8,337,68.5,123,0.001,185,-7.57,310,104.0,317,111.6,256,-2.1,246
297,Eastern Kentucky,,ASun,11-21,11,21,-11.65,109.1,172,120.8,350,67.3,181,-0.017,230,-4.05,249,108.8,177,112.8,313,3.04,105
298,Grambling St.,,SWAC,14-19,14,19,-11.75,96.8,346,108.6,158,67.6,169,-0.053,311,-9.18,339,103.2,343,112.4,299,2.17,119
299,Le Moyne,,NEC,15-17,15,17,-11.84,102.0,301,113.8,270,69.5,70,-0.018,234,-10.64,353,102.6,354,113.2,333,-1.73,235
300,UNC Greensboro,,SC,15-19,15,19,-12.21,107.6,198,119.8,348,67.7,163,0.056,54,-6.13,288,108.0,227,114.1,354,-0.88,208
301,Chattanooga,,SC,13-19,13,19,-12.26,105.4,246,117.6,328,67.2,188,-0.029,264,-7.05,301,107.7,247,114.7,359,-2.59,259
302,USC Upstate,,BSth,13-19,13,19,-12.38,99.0,337,111.4,220,67.5,174,0.025,120,-5.52,273,106.0,286,111.5,255,-1.34,224
303,Stetson,,ASun,12-21,12,21,-12.54,105.2,252,117.8,329,66.7,222,0.008,168,-3.85,245,108.6,193,112.4,297,4.75,75
304,West Georgia,,ASun,15-17,15,17,-12.55,101.6,307,114.1,275,69.2,81,0.072,27,-6.65,295,108.6,188,115.3,364,0.28,179
305,Alabama A&M,,SWAC,18-15,18,15,-12.71,104.0,270,116.7,315,65.3,292,0.058,46,-10.85,356,102.0,360,112.9,318,-2.04,242
306,Wagner,,NEC,14-17,14,17,-12.73,102.5,295,115.2,296,65.5,286,-0.001,189,-9.04,338,103.2,345,112.3,290,6.31,50
307,Central Connecticut,,NEC,18-12,18,12,-12.75,104.7,260,117.4,327,65.1,305,0.116,7,-11.14,358,102.1,358,113.3,334,-2.01,240
308,Evansville,,MVC,7-25,7,25,-12.83,101.9,302,114.7,289,67.0,200,-0.011,213,4.54,97,110.8,102,106.3,89,3.71,93
309,Oral Roberts,,Sum,10-23,10,23,-12.86,102.0,300,114.9,292,67.8,156,-0.055,315,-1.68,198,109.6,136,111.3,240,5.62,60
310,Georgia St.,,SB,10-22,10,22,-12.92,99.3,335,112.3,244,67.8,148,-0.04,293,-3.96,246,107.1,266,111.0,231,-0.29,194
311,Little Rock,,OVC,12-20,12,20,-12.94,102.8,289,115.7,303,66.7,223,-0.033,275,-6.43,293,103.4,338,109.9,186,4.64,77
312,Florida A&M,,SWAC,15-16,15,16,-12.99,97.9,341,110.9,212,68.3,127,0.071,29,-8.84,335,103.8,327,112.7,307,7.97,29
313,Louisiana,,SB,11-22,11,22,-13.25,100.1,321,113.4,260,63.2,353,0.033,104,-4.48,257,106.4,282,110.9,224,-1.87,237
314,Arkansas Pine Bluff,,SWAC,13-19,13,19,-13.3,104.0,269,117.3,326,68.9,94,0.025,118,-5.54,274,105.8,292,111.4,241,14.45,4
315,Tennessee Tech,,OVC,13-18,13,18,-13.32,102.5,293,115.8,305,66.8,212,-0.028,256,-7.58,311,103.4,336,111.0,230,3.02,106
316,Texas Southern,,SWAC,12-18,12,18,-13.32,101.7,306,115.0,294,68.8,101,-0.033,277,-8.59,330,103.9,321,112.5,301,12.47,12
317,IU Indy,,Horz,7-25,7,25,-13.9,105.4,244,119.3,342,73.2,3,-0.033,279,-3.45,230,109.0,168,112.4,298,-1.04,217
318,Alabama St.,,SWAC,10-22,10,22,-14.41,99.2,336,113.6,267,69.5,71,-0.071,336,-6.79,296,104.1,316,110.9,226,8.19,28
319,Northern Arizona,,BSky,10-22,10,22,-14.46,105.1,254,119.6,345,63.8,341,0.031,106,-1.05,178,109.4,145,110.5,209,0.17,183
320,Cleveland St.,,Horz,11-22,11,22,-14.62,109.4,166,124.0,362,69.8,58,0.04,84,-1.94,204,109.8,128,111.7,264,4.36,82
321,UMass Lowell,,AE,15-18,15,18,-14.73,102.5,292,117.3,323,69.2,84,0.017,138,-9.24,342,103.6,333,112.8,315,2.07,123
322,Eastern Illinois,,OVC,13-20,13,20,-14.85,96.9,345,111.7,229,65.7,274,0.037,94,-6.1,287,104.6,309,110.7,216,12.55,10
323,Loyola MD,,PL,12-20,12,20,-14.87,104.2,266,119.1,341,68.2,130,-0.027,255,-9.29,344,103.9,325,113.1,330,-6.85,331
324,Albany,,AE,11-21,11,21,-15.05,103.2,282,118.2,332,65.2,296,-0.086,347,-7.45,307,104.7,308,112.1,286,4.15,85
325,Lafayette,,PL,11-21,11,21,-15.23,100.7,316,115.9,306,66.8,215,0.009,165,-7.62,312,105.2,300,112.8,312,-0.7,202
326,Cal St. Bakersfield,,BW,8-24,8,24,-15.26,101.9,303,117.2,320,70.1,40,0.012,150,0.46,146,107.9,233,107.4,110,0.67,165
327,Norfolk St.,,MEAC,15-17,15,17,-15.31,101.4,308,116.7,316,68.2,128,-0.019,236,-11.81,360,101.3,362,113.1,326,0.49,172
328,New Haven,,NEC,14-17,14,17,-16.12,96.1,350,112.2,242,63.3,351,0.041,78,-9.48,346,102.9,352,112.3,293,2.87,108
329,Holy Cross,,PL,11-22,11,22,-16.47,100.8,314,117.3,325,65.6,278,-0.007,205,-7.08,302,105.9,289,113.0,324,-0.1,190
330,Manhattan,,MAAC,12-20,12,20,-16.5,104.4,263,120.9,351,67.9,146,0.053,57,-8.21,323,103.3,342,111.5,248,-2.88,263
331,Bucknell,,PL,10-23,10,23,-16.67,98.1,340,114.8,291,66.9,207,0.015,143,-6.0,285,106.8,276,112.8,311,2.05,124
332,NJIT,,AE,16-17,16,17,-16.95,96.5,348,113.4,263,67.8,150,0.115,9,-9.32,345,103.3,341,112.6,306,1.0,154
333,Northern Illinois,,MAC,9-21,9,21,-17.24,97.0,344,114.3,281,67.5,177,0.014,146,-1.05,179,109.1,159,110.1,199,2.28,118
334,Stonehill,,NEC,12-21,12,21,-17.36,91.7,362,109.0,169,66.4,235,-0.007,207,-10.38,352,102.9,349,113.3,336,-3.41,277
335,North Florida,,ASun,7-25,7,25,-17.47,107.0,213,124.4,363,70.5,30,-0.029,265,-3.39,229,108.0,222,111.4,245,7.92,31
336,Fairleigh Dickinson,,NEC,11-21,11,21,-17.66,100.8,315,118.5,334,63.9,340,-0.006,203,-8.58,329,103.3,340,111.9,273,5.25,66
337,Army,,PL,11-21,11,21,-18.46,100.1,322,118.5,335,67.1,195,0.044,68,-7.84,315,105.6,295,113.4,339,-2.01,239
338,Niagara,,MAAC,8-22,8,22,-18.51,99.6,327,118.1,331,62.1,365,-0.038,291,-8.24,326,103.8,329,112.0,283,-3.91,286
339,Southern Indiana,,OVC,7-23,7,23,-18.6,95.5,354,114.1,276,67.5,172,-0.105,361,-8.22,324,103.6,332,111.8,269,-1.65,231
340,UTSA,,Amer,5-25,5,25,-18.65,99.6,326,118.3,333,68.6,114,-0.001,190,1.44,121,109.8,127,108.4,140,1.73,132
341,Jackson St.,,SWAC,12-21,12,21,-18.83,100.0,324,118.8,339,69.5,72,0.101,14,-6.25,289,104.9,305,111.2,236,13.72,7
342,North Alabama,,ASun,9-21,9,21,-19.26,99.5,329,118.8,338,64.8,312,0.057,51,-4.74,260,108.7,183,113.4,341,1.87,128
343,Canisius,,MAAC,10-21,10,21,-19.27,95.2,355,114.5,285,64.2,336,0.019,131,-7.91,316,104.2,313,112.2,287,-3.42,278
344,Chicago St.,,NEC,7-25,7,25,-19.61,99.4,333,119.0,340,65.3,293,-0.032,274,-4.6,259,105.6,296,110.2,201,10.63,17
345,Air Force,,MWC,3-29,3,29,-19.94,95.6,352,115.6,301,66.3,241,0.0,187,5.1,90,112.1,87,107.0,97,-4.85,299
346,Alcorn St.,,SWAC,9-23,9,23,-20.15,96.3,349,116.5,312,67.3,185,0.039,89,-5.13,267,105.6,294,110.7,218,13.51,8
347,The Citadel,,SC,11-22,11,22,-20.29,100.6,318,120.9,352,64.4,330,0.028,115,-5.68,277,107.9,239,113.5,343,-1.93,238
348,Maine,,AE,8-24,8,24,-20.42,91.5,363,111.9,235,64.7,316,-0.031,269,-9.27,343,103.8,328,113.1,325,-1.45,226
349,Maryland Eastern Shore,,MEAC,9-23,9,23,-20.8,94.6,358,115.4,300,63.1,356,-0.052,309,-9.2,340,103.6,331,112.8,314,5.04,71
350,New Hampshire,,AE,9-21,9,21,-20.83,95.1,357,116.0,307,67.5,178,-0.002,194,-8.19,322,104.2,315,112.4,295,5.13,70
351,Louisiana Monroe,,SB,4-28,4,28,-21.04,101.2,311,122.2,360,70.1,39,-0.099,359,-3.7,240,106.6,279,110.3,205,-1.33,223
352,North Carolina Central,,MEAC,14-18,14,18,-21.07,100.0,323,121.1,354,65.8,271,0.071,30,-10.25,351,102.1,359,112.3,294,9.3,21
353,Morgan St.,,MEAC,14-16,14,16,-21.74,99.4,334,121.1,353,70.7,24,0.103,13,-12.72,363,100.5,365,113.2,332,-1.56,229
354,Saint Francis,,NEC,7-24,7,24,-22.28,99.5,331,121.8,357,70.0,45,-0.025,251,-6.81,297,104.9,303,111.7,265,7.37,41
355,Bryant,,AE,9-22,9,22,-23.11,96.5,347,119.6,346,64.2,335,0.009,161,-8.05,320,103.4,337,111.5,251,2.41,116
356,South Carolina St.,,MEAC,10-22,10,22,-23.49,95.2,356,118.7,336,68.7,109,0.033,100,-8.82,334,103.9,324,112.7,309,3.29,100
357,Rider,,MAAC,4-25,4,25,-24.46,95.7,351,120.1,349,65.8,267,-0.024,248,-5.02,266,105.6,297,110.6,212,11.13,14
358,Kansas City,,Sum,4-27,4,27,-25.08,92.0,361,117.1,318,69.8,55,-0.017,231,-1.58,193,110.0,120,111.6,261,5.96,54
359,Binghamton,,AE,8-23,8,23,-25.58,97.5,343,123.1,361,65.3,294,-0.019,237,-12.36,362,101.6,361,114.0,351,-8.25,348
360,VMI,,SC,6-26,6,26,-26.28,98.6,338,124.9,364,66.8,217,-0.011,212,-5.72,279,108.3,208,114.0,352,-2.05,243
361,Gardner Webb,,BSth,4-29,4,29,-26.41,95.6,353,122.0,358,69.2,80,-0.001,192,-1.25,186,108.6,191,109.8,185,5.32,64
362,Delaware St.,,MEAC,8-23,8,23,-27.22,87.1,365,114.3,282,65.3,291,-0.013,221,-11.61,359,102.4,356,114.0,349,1.85,129
363,Coppin St.,,MEAC,7-24,7,24,-27.52,92.1,360,119.6,344,68.0,136,0.037,93,-7.51,309,104.4,311,111.9,270,3.45,96
364,Western Illinois,,OVC,5-26,5,26,-28.46,92.9,359,121.3,355,66.6,226,-0.052,310,-7.66,314,103.5,335,111.2,237,-1.66,232
365,Mississippi Valley St.,,SWAC,3-30,3,30,-31.32,90.3,364,121.7,356,67.0,199,-0.026,253,-7.1,303,104.9,304,112.0,282,5.75,56
